frame;x_px;y_px;type
14;1251.0;633.0;Serve
41;633.0;279.0;Forehand
101;529.5;618.0;Smash
130;1188.0;279.0;Backhand
157;718.5;580.5;Forehand
193;1186.5;330.0;Backhand
241;1437.0;607.5;Smash
295;622.5;322.5;Backhand
343;1507.5;709.5;Backhand
391;1137.0;279.0;Smash
507;696.0;756.0;Forehand
532;1050.0;391.5;Forehand
576;468.0;510.0;Backhand
627;636.0;268.5;Smash
679;1252.5;667.5;Forehand
742;900.0;292.5;Smash
755;1215.0;579.0;Backhand
804;882.0;286.5;Forehand
852;1077.0;559.5;Smash
867;831.0;262.5;Forehand
896;1207.5;603.0;Smash
943;1245.0;273.0;Backhand
982;1324.5;459.0;Smash
1054;1200.0;382.5;Smash
1112;9.0;486.0;Other
1137;1068.0;274.5;Forehand
1199;403.5;789.0;Forehand
1277;930.0;268.5;Backhand
1322;460.5;661.5;Forehand
1406;1050.0;249.0;Forehand
