clip;truth_frame;truth_type;system_frame;system_type;true_player;system_player;player_ok;team_ok;type_ok;in_freeze
miami_rally1;14;Serve;18;Serve;4;3;False;True;True;False
miami_rally1;41;Forehand;;;;;;;;False
miami_rally1;101;Smash;106;Smash;3;4;False;True;True;False
miami_rally1;130;Backhand;;;;;;;;False
miami_rally1;157;Forehand;162;Forehand;3;3;True;True;True;False
miami_rally1;193;Backhand;200;Backhand;2;2;True;True;True;False
miami_rally1;241;Smash;246;Smash;4;2;False;False;True;False
miami_rally1;295;Backhand;302;Smash;1;3;False;False;False;False
miami_rally1;343;Backhand;348;Backhand;4;4;True;True;True;False
miami_rally1;391;Smash;397;Smash;2;1;False;True;True;False
miami_rally1;507;Forehand;513;Forehand;3;3;True;True;True;False
miami_rally1;532;Forehand;538;Smash;2;1;False;True;False;False
miami_rally1;576;Backhand;572;Smash;3;3;True;True;False;False
miami_rally1;627;Smash;;;;;;;;False
miami_rally1;679;Forehand;684;Forehand;4;4;True;True;True;False
miami_rally1;742;Smash;748;Smash;1;2;False;True;True;False
miami_rally1;755;Backhand;761;Forehand;4;2;False;False;False;False
miami_rally1;804;Forehand;;;;;;;;False
miami_rally1;852;Smash;;;;;;;;False
miami_rally1;867;Forehand;860;Smash;1;1;True;True;False;False
miami_rally1;896;Smash;901;Backhand;4;4;True;True;False;False
miami_rally1;943;Backhand;;;;;;;;False
miami_rally1;982;Smash;;;;;;;;False
miami_rally1;1054;Smash;1060;Backhand;2;2;True;True;False;False
miami_rally1;1112;Other;;;;;;;;False
miami_rally1;1137;Forehand;;;;;;;;False
miami_rally1;1199;Forehand;;;;;;;;False
miami_rally1;1277;Backhand;;;;;;;;False
miami_rally1;1322;Forehand;1327;Forehand;4;4;True;True;True;False
miami_rally1;1406;Forehand;1411;Smash;2;2;True;True;False;False
miami_rally1;;;49;Forehand;;1;;;;False
miami_rally1;;;138;Backhand;;2;;;;False
miami_rally1;;;441;;;;;;;True
miami_rally1;;;463;Forehand;;2;;;;True
miami_rally1;;;608;Smash;;1;;;;False
miami_rally1;;;876;Backhand;;2;;;;False
miami_rally1;;;1074;Smash;;1;;;;False
miami_rally1;;;1214;Backhand;;1;;;;False
